date,cu_usd_per_tonne,al_usd_per_tonne,eur_usd_rate,cu_eur_per_tonne,al_eur_per_tonne
2023-07-03,8355.0,2107.0,1.0899,7665.840902835122,1933.2048811817597
2023-07-04,8349.0,2102.5,1.0895,7663.148233134466,1929.7843047269391
2023-07-05,8251.0,2093.0,1.0879,7584.336795661366,1923.890063424947
2023-07-06,8280.0,2103.5,1.0899,7597.02725020644,1929.9935773924212
2023-07-07,8299.0,2086.0,1.0888,7622.152828802351,1915.8706833210874
2023-07-10,8286.0,2096.0,1.0956,7562.979189485214,1913.1069733479374
2023-07-11,8371.0,2129.0,1.0989,7617.617617617618,1937.3919373919375
2023-07-12,8367.0,2147.5,1.1022,7591.181273816004,1948.375975322083
2023-07-13,8585.0,2236.0,1.1182,7677.517438740833,1999.642282239313
2023-07-14,8651.0,2225.0,1.1221,7709.651546208002,1982.889225559219
2023-07-17,8460.5,2195.0,1.123,7533.837934105076,1954.585930543188
2023-07-18,8410.0,2169.5,1.1255,7472.234562416704,1927.5877387827634
2023-07-19,8354.0,2142.0,1.1222,7444.305827838174,1908.7506683300658
2023-07-20,8543.0,2172.0,1.1197,7629.722247030455,1939.8053049924088
2023-07-21,8422.0,2153.5,1.1123,7571.698282837364,1936.0783961161555
2023-07-24,8430.0,2155.0,1.1096,7597.332372025956,1942.1413121845712
2023-07-25,8597.0,2184.0,1.1051,7779.386480861461,1976.2917383042259
2023-07-26,8534.0,2170.5,1.1059,7716.791753323085,1962.6548512523734
2023-07-27,8578.5,2176.0,1.1125,7711.011235955056,1955.9550561797753
2023-07-28,8592.0,2161.5,1.101,7803.814713896458,1963.215258855586
2023-07-31,8635.5,2195.5,1.1023,7834.074208473192,1991.744534155856
2023-08-01,8720.5,2217.0,1.097,7949.407474931632,2020.9662716499545
2023-08-02,8545.0,2176.5,1.0985,7778.789258079199,1981.3381884387802
2023-08-03,8472.0,2147.0,1.0932,7749.725576289792,1963.959019392609
2023-08-04,8450.5,2166.0,1.0946,7720.1717522382605,1978.8050429380596
2023-08-07,8495.0,2178.0,1.0984,7733.976693372178,1982.8841951930078
2023-08-08,8276.0,2143.0,1.0944,7562.1345029239765,1958.1505847953215
2023-08-09,8395.0,2153.0,1.0968,7654.084609773888,1962.983223924143
2023-08-10,8423.5,2161.5,1.1019,7644.523096469733,1961.6117615028586
2023-08-11,8242.0,2127.0,1.1004,7490.003635041802,1932.9334787350053
2023-08-14,8242.0,2096.0,1.093,7540.713632204941,1917.657822506862
2023-08-15,8126.5,2085.5,1.0926,7437.763133809262,1908.7497711879919
2023-08-16,8132.0,2089.0,1.0916,7449.615243679004,1913.7046537193112
2023-08-17,8215.0,2131.0,1.09,7536.697247706422,1955.0458715596328
2023-08-18,8176.0,2096.0,1.0867,7523.69559215975,1928.775190945063
2023-08-21,8239.5,2068.5,1.0908,7553.630363036304,1896.3146314631463
2023-08-22,8342.0,2121.5,1.0887,7662.349591255626,1948.6543584091119
2023-08-23,8377.5,2129.0,1.0805,7753.354928273947,1970.384081443776
2023-08-24,8358.5,2119.5,1.084,7710.793357933579,1955.2583025830256
2023-08-25,8381.5,2124.0,1.0808,7754.903774981495,1965.2109548482606
2023-08-29,8375.0,2116.5,1.0803,7752.4761640285105,1959.178006109414
2023-08-30,8394.5,2140.5,1.0886,7711.2805438177475,1966.286974095168
2023-08-31,8359.5,2165.5,1.0868,7691.847626058153,1992.546926757453
2023-09-01,8515.0,2184.0,1.0844,7852.268535595721,2014.0169679085209
2023-09-04,8406.0,2149.5,1.0801,7782.612721044347,1990.093509860198
2023-09-05,8430.0,2136.5,1.0731,7855.745037741124,1990.9607678687914
2023-09-06,8395.0,2158.0,1.0745,7812.936249418334,2008.3759888320149
2023-09-07,8242.5,2135.0,1.071,7696.078431372549,1993.4640522875818
2023-09-08,8225.0,2132.5,1.0704,7684.043348281017,1992.2458893871449
2023-09-11,8332.5,2154.0,1.0724,7769.955240581872,2008.5788884744497
2023-09-12,8337.5,2153.0,1.0713,7782.6005787361155,2009.7078316064596
2023-09-13,8353.0,2156.5,1.0733,7782.539830429517,2009.2238889406506
2023-09-14,8423.0,2192.5,1.073,7849.95340167754,2043.336439888164
2023-09-15,8376.5,2155.5,1.0658,7859.354475511353,2022.4244698817788
2023-09-18,8320.0,2165.0,1.0663,7802.682171996624,2030.3854449967175
2023-09-19,8233.5,2174.5,1.0713,7685.522262671521,2029.776906562121
2023-09-20,8277.0,2202.0,1.0702,7734.0683984301995,2057.5593347037934
2023-09-21,8101.0,2166.5,1.0635,7617.301363422662,2037.1415138692996
2023-09-22,8188.0,2199.5,1.0647,7690.429228890767,2065.84014276322
2023-09-25,8107.0,2182.5,1.0633,7624.3769397159795,2052.5721809461115
2023-09-26,8066.0,2195.0,1.0605,7605.846298915606,2069.7784064120697
2023-09-27,8017.0,2196.0,1.0536,7609.149582384206,2084.282460136674
2023-09-28,8112.0,2232.0,1.0539,7697.124964417876,2117.8479931682323
2023-09-29,8230.5,2307.5,1.0594,7769.020200113272,2178.1196903907876
2023-10-02,8100.5,2286.5,1.053,7692.78252611586,2171.415004748338
2023-10-03,7960.0,2257.0,1.0469,7603.400515808578,2155.8888145954725
2023-10-04,7910.5,2231.0,1.0497,7535.962655996951,2125.3691530913593
2023-10-05,7812.5,2195.5,1.0526,7422.097662929888,2085.787573627209
2023-10-06,7887.0,2208.0,1.0563,7466.628798636751,2090.3152513490486
2023-10-09,8015.5,2193.0,1.0531,7611.337954610199,2082.4233216218786
2023-10-10,7907.5,2199.0,1.0582,7472.594972594972,2078.057078057078
2023-10-11,7943.5,2179.0,1.0604,7491.041116559789,2054.8849490758203
2023-10-12,7995.0,2180.5,1.0619,7528.957528957529,2053.3948582729067
2023-10-13,7891.0,2176.0,1.0524,7498.09958190802,2067.6548840744963
2023-10-16,7920.0,2161.5,1.0538,7515.657620041753,2051.1482254697285
2023-10-17,7846.5,2148.5,1.0569,7424.0703945501,2032.8318667802064
2023-10-18,7947.5,2176.5,1.0565,7522.479886417416,2060.1041173686704
2023-10-19,7938.0,2150.5,1.0558,7518.4694070846745,2036.8440992612236
2023-10-20,7876.0,2152.0,1.0591,7436.502690964026,2031.9138891511661
2023-10-23,7824.5,2144.5,1.0597,7383.693498159856,2023.685948853449
2023-10-24,7900.5,2146.5,1.0632,7430.8690744921,2018.9051918735893
2023-10-25,7946.0,2188.5,1.0576,7513.237518910741,2069.307866868381
2023-10-26,7939.0,2202.5,1.054,7532.258064516129,2089.6584440227703
2023-10-27,7963.5,2170.5,1.0541,7554.786073427568,2059.1025519400437
2023-10-30,8110.0,2252.0,1.0605,7647.3361621876475,2123.5266383781236
2023-10-31,8038.0,2235.0,1.0619,7569.45098408513,2104.7179583764946
2023-11-01,8041.0,2230.5,1.0537,7631.204327607478,2116.8264211824994
2023-11-02,8066.0,2218.0,1.0661,7565.894381390113,2080.4802551355406
2023-11-03,8070.5,2219.5,1.0702,7541.113810502709,2073.911418426462
2023-11-06,8136.5,2254.0,1.0741,7575.179219811936,2098.5010706638113
2023-11-07,8068.0,2241.0,1.0686,7550.065506269886,2097.1364402021336
2023-11-08,8088.0,2258.5,1.0671,7579.420860275513,2116.483928404086
2023-11-09,8030.5,2228.0,1.0691,7511.458235899355,2083.9958843887384
2023-11-10,8006.0,2205.5,1.0683,7494.149583450341,2064.4949920434333
2023-11-13,8014.5,2220.5,1.067,7511.24648547329,2081.0684161199624
2023-11-14,8081.0,2194.0,1.0724,7535.434539350988,2045.8784035807535
2023-11-15,8169.0,2205.0,1.0868,7516.562384983437,2028.892160471108
2023-11-16,8165.5,2182.5,1.0849,7526.500138261591,2011.7061480320767
2023-11-17,8141.0,2165.0,1.0872,7488.04267844003,1991.3539367181752
2023-11-20,8247.0,2192.0,1.0928,7546.669106881405,2005.856515373353
2023-11-21,8324.0,2201.5,1.0955,7598.356914650845,2009.5846645367415
2023-11-22,8296.0,2194.5,1.0911,7603.336082852168,2011.2730272202366
2023-11-23,8307.5,2183.0,1.09,7621.559633027522,2002.7522935779816
2023-11-24,8300.0,2179.0,1.0916,7603.517772077685,1996.152436790033
2023-11-27,8281.0,2177.0,1.0951,7561.866496210392,1987.9463062733998
2023-11-28,8278.0,2164.5,1.0949,7560.507808932322,1976.8928669284867
2023-11-29,8384.0,2178.0,1.0985,7632.225762403277,1982.7036868456987
2023-11-30,8332.0,2157.5,1.0931,7622.358430152777,1973.7443966700212
2023-12-01,8456.0,2147.5,1.0875,7775.6321839080465,1974.7126436781612
2023-12-04,8417.0,2148.5,1.0868,7744.755244755245,1976.9046742730955
2023-12-05,8259.0,2121.5,1.0817,7635.20384579828,1961.2646759730053
2023-12-06,8297.0,2117.5,1.0778,7698.088699202078,1964.6502133976617
2023-12-07,8221.0,2099.0,1.0771,7632.531798347415,1948.7512765759911
2023-12-08,8348.0,2111.0,1.0777,7746.126009093439,1958.8011505984966
2023-12-11,8275.5,2082.5,1.0757,7693.130054848005,1935.9486845774843
2023-12-12,8272.0,2090.5,1.0804,7656.423546834506,1934.931506849315
2023-12-13,8205.0,2083.0,1.0787,7606.378047649949,1931.0280893668305
2023-12-14,8461.5,2137.0,1.0919,7749.33601978203,1957.1389321366423
2023-12-15,8471.0,2196.0,1.0946,7738.900054814544,2006.2123150009136
2023-12-18,8423.0,2213.0,1.0918,7714.782927276057,2026.928008792819
2023-12-19,8439.0,2215.5,1.0962,7698.412698412698,2021.072796934866
2023-12-20,8466.5,2192.0,1.0944,7736.202485380117,2002.923976608187
2023-12-21,8460.0,2180.0,1.0983,7702.813438951106,1984.885732495675
2023-12-22,8499.0,2234.5,1.1023,7710.242220811031,2027.1251020593304
2023-12-27,8511.5,2293.5,1.1065,7692.272932670583,2072.75192046995
2023-12-28,8530.0,2313.5,1.1114,7675.004498830304,2081.6087817167536
2023-12-29,8476.0,2335.5,1.105,7670.588235294118,2113.574660633484
2024-01-02,8430.0,2336.5,1.0956,7694.414019715226,2132.6213946695875
2024-01-03,8381.0,2255.5,1.0919,7675.611319717922,2065.6653539701438
2024-01-04,8375.0,2235.5,1.0953,7646.306947868165,2040.9933351593172
2024-01-05,8346.5,2215.5,1.0921,7642.615145133229,2028.660379086164
2024-01-08,8295.0,2205.5,1.0946,7578.110725379134,2014.891284487484
2024-01-09,8301.5,2200.0,1.094,7588.208409506398,2010.9689213893967
2024-01-10,8285.0,2204.0,1.0946,7568.974968024849,2013.5209208843412
2024-01-11,8332.0,2203.0,1.0987,7583.507781924092,2005.096932738691
2024-01-12,8289.0,2175.0,1.0942,7575.397550721988,1987.7536099433376
2024-01-15,8238.5,2153.0,1.0945,7527.181361352215,1967.1082686158063
2024-01-16,8280.0,2158.5,1.0882,7608.895423635361,1983.5508178643631
2024-01-17,8230.0,2142.0,1.0877,7566.424565597133,1969.2930035855477
2024-01-18,8189.0,2130.5,1.0875,7530.114942528736,1959.080459770115
2024-01-19,8275.0,2122.0,1.0887,7600.808303481216,1949.113621750712
2024-01-22,8254.5,2110.0,1.089,7579.889807162534,1937.5573921028467
2024-01-23,8283.5,2145.0,1.0872,7619.11331861663,1972.9580573951437
2024-01-24,8460.0,2207.5,1.0905,7757.909215955983,2024.3007794589637
2024-01-25,8486.0,2188.5,1.0893,7790.324061323787,2009.088405397962
2024-01-26,8447.0,2212.0,1.0871,7770.214331708215,2034.7714101738572
2024-01-29,8421.0,2214.0,1.0823,7780.652314515383,2045.6435369121316
2024-01-30,8462.0,2226.5,1.0846,7801.954637654435,2052.830536603356
2024-01-31,8513.0,2232.0,1.0837,7855.495063209374,2059.6105933376393
2024-02-01,8437.0,2212.5,1.0814,7801.923432587388,2045.958942112077
2024-02-02,8400.0,2209.5,1.0883,7718.459983460442,2030.23063493522
2024-02-05,8329.0,2183.5,1.0746,7750.7909919970225,2031.9188535268938
2024-02-06,8280.0,2184.5,1.0743,7707.344317229824,2033.4171088150422
2024-02-07,8280.5,2195.5,1.0776,7684.205642167781,2037.3979213066075
2024-02-08,8202.0,2214.5,1.0758,7624.093697713329,2058.468116750325
2024-02-09,8091.5,2180.5,1.0772,7511.604158930561,2024.229483847011
2024-02-12,8085.5,2188.0,1.0773,7505.33741761812,2031.0034345122067
2024-02-13,8185.0,2204.0,1.0793,7583.6190123228025,2042.0643009357918
2024-02-14,8133.5,2194.0,1.0713,7592.177727994026,2047.9790908242323
2024-02-15,8153.0,2205.0,1.0743,7589.127804151541,2052.4993018709856
2024-02-16,8322.0,2203.0,1.0768,7728.454680534918,2045.8766716196137
2024-02-19,8364.5,2185.0,1.0776,7762.156644394952,2027.654046028211
2024-02-20,8366.5,2147.5,1.0802,7745.324939825958,1988.0577670801702
2024-02-21,8472.0,2211.5,1.0809,7837.912850402443,2045.980201683782
2024-02-22,8482.0,2178.5,1.0844,7821.836960531169,2008.9450387310956
2024-02-23,8442.5,2157.0,1.0834,7792.597378622854,1990.9544028059813
2024-02-26,8373.0,2140.5,1.0852,7715.628455584225,1972.4474751197936
2024-02-27,8396.5,2146.0,1.0856,7734.432571849669,1976.7870302137069
2024-02-28,8340.5,2130.0,1.0808,7716.968911917099,1970.7623982235382
2024-02-29,8389.0,2163.0,1.0826,7748.937742471827,1997.9678551634952
2024-03-01,8394.0,2183.5,1.0813,7762.878017201518,2019.328585961343
2024-03-04,8437.0,2182.5,1.0846,7778.904665314401,2012.2625852848976
2024-03-05,8429.5,2191.5,1.0849,7769.840538298461,2020.0018434878791
2024-03-06,8441.0,2187.5,1.0874,7762.552878425603,2011.6792348721724
2024-03-07,8559.0,2210.0,1.0895,7855.897200550712,2028.4534189995413
2024-03-08,8552.5,2209.0,1.0932,7823.362605195756,2020.6732528357118
2024-03-11,8522.0,2202.0,1.0926,7799.743730550979,2015.376166941241
2024-03-12,8566.0,2213.5,1.0916,7847.196775375596,2027.7574203004765
2024-03-13,8727.0,2224.0,1.0939,7977.877319681871,2033.092604442819
2024-03-14,8791.5,2205.0,1.0925,8047.1395881006865,2018.3066361556064
2024-03-15,8906.5,2218.5,1.0892,8177.102460521484,2036.8160117517446
2024-03-18,8973.0,2224.5,1.0892,8238.15644509732,2042.324641939038
2024-03-19,8875.0,2202.5,1.0854,8176.709047355814,2029.2058227381613
2024-03-20,8790.0,2231.5,1.0844,8105.864994466986,2057.8199926226484
2024-03-21,8873.5,2264.0,1.0907,8135.600990189786,2075.731181809847
2024-03-22,8741.0,2246.5,1.0823,8076.318950383443,2075.672179617481
2024-03-25,8745.0,2267.5,1.0835,8071.065989847716,2092.7549607752653
2024-03-26,8764.0,2275.5,1.0855,8073.698756333488,2096.2690004606175
2024-03-27,8696.0,2238.0,1.0816,8039.9408284023675,2069.156804733728
2024-03-28,8729.0,2270.0,1.0811,8074.1837017852195,2099.713255018037
2024-04-02,8920.0,2322.5,1.0749,8298.446367103918,2160.6661084752072
2024-04-03,8932.0,2334.0,1.0783,8283.409069832143,2164.518223128999
2024-04-04,9257.0,2394.5,1.0852,8530.224843346849,2206.505713232584
2024-04-05,9198.0,2391.0,1.0841,8484.457153399133,2205.516096301079
2024-04-08,9301.0,2417.0,1.0823,8593.735563152546,2233.207059040931
2024-04-09,9295.5,2403.0,1.0867,8553.878715376828,2211.2818625195546
2024-04-10,9365.0,2429.0,1.086,8623.388581952117,2236.648250460405
2024-04-11,9240.5,2410.5,1.0729,8612.638642930377,2246.7145120700907
2024-04-12,9402.0,2443.0,1.0652,8826.511453248217,2293.466015771686
2024-04-15,9390.0,2520.5,1.0656,8811.936936936936,2365.3340840840838
2024-04-16,9377.0,2512.0,1.0637,8815.455485569239,2361.5681113095798
2024-04-17,9434.0,2581.0,1.0638,8868.208309832675,2426.207933822147
2024-04-18,9617.0,2600.0,1.0679,9005.524861878452,2434.6848955894743
2024-04-19,9749.0,2645.5,1.0653,9151.41274758284,2483.3380268468977
2024-04-22,9814.5,2654.0,1.0632,9231.094808126412,2496.237772761475
2024-04-23,9599.0,2585.0,1.0674,8992.87989507214,2421.772531384673
2024-04-24,9671.0,2585.5,1.0686,9050.159086655438,2419.520868425978
2024-04-25,9791.0,2586.5,1.072,9133.395522388058,2412.7798507462685
2024-04-26,9869.0,2559.5,1.0714,9211.312301661379,2388.930371476573
2024-04-29,9935.0,2536.5,1.072,9267.723880597014,2366.1380597014922
2024-04-30,9973.5,2545.0,1.0718,9305.374136965851,2374.5101698077997
2024-05-02,9660.0,2510.0,1.0698,9029.725182277061,2346.232940736586
2024-05-03,9737.0,2517.0,1.0744,9062.732688011913,2342.7029039463887
2024-05-07,9847.0,2512.5,1.0766,9146.386773174809,2333.735835036225
2024-05-08,9740.0,2488.0,1.0743,9066.368798287256,2315.92664991157
2024-05-09,9728.0,2494.0,1.0732,9064.480059634738,2323.8911666045474
2024-05-10,9942.0,2515.0,1.0779,9223.49011967715,2333.2405603488264
2024-05-13,10009.0,2510.0,1.0795,9271.885132005558,2325.150532654007
2024-05-14,10077.0,2477.5,1.0796,9334.012597258245,2294.8314190440906
2024-05-15,10221.0,2529.5,1.0832,9435.930576070901,2335.2104874446086
2024-05-16,10308.0,2538.5,1.0866,9486.471562672557,2336.1862690962635
2024-05-17,10398.0,2544.0,1.0844,9588.712652157876,2345.997786794541
2024-05-20,10857.0,2568.0,1.0861,9996.317097873123,2364.423165454378
2024-05-21,10775.0,2645.0,1.0864,9918.078055964654,2434.6465390279823
2024-05-22,10447.0,2625.0,1.083,9646.352723915052,2423.8227146814406
2024-05-23,10290.5,2551.0,1.0854,9480.836557950986,2350.285608992077
2024-05-24,10256.5,2599.0,1.084,9461.715867158671,2397.60147601476
2024-05-28,10331.0,2653.0,1.0882,9493.659253813637,2437.9709612203637
2024-05-29,10294.0,2695.0,1.0857,9481.440545270332,2482.2695035460993
2024-05-30,10016.5,2665.5,1.0815,9261.673601479428,2464.6324549237174
2024-05-31,9985.0,2677.0,1.0852,9201.068927386657,2466.826391448581
2024-06-03,9985.5,2625.0,1.0842,9210.016602102933,2421.1400110680684
2024-06-04,9858.5,2603.0,1.0865,9073.630924988494,2395.7662218131613
2024-06-05,9769.0,2577.0,1.0872,8985.467255334805,2370.309050772627
2024-06-06,9930.0,2587.0,1.0865,9139.438564196962,2381.0400368154624
2024-06-07,9840.0,2578.5,1.0898,9029.179665993759,2366.030464305377
2024-06-10,9694.5,2515.5,1.0756,9013.10896243957,2338.6946820379326
2024-06-11,9567.0,2475.0,1.073,8916.123019571296,2306.6169617893756
2024-06-12,9697.5,2476.0,1.0765,9008.360427310728,2300.0464468183927
2024-06-13,9733.0,2498.0,1.0784,9025.408011869436,2316.3946587537093
2024-06-14,9650.0,2465.5,1.0686,9030.507205689688,2307.2244057645516
2024-06-17,9477.0,2420.5,1.0712,8847.087378640777,2259.6153846153848
2024-06-18,9426.0,2427.5,1.0715,8797.013532431172,2265.5156322911807
2024-06-19,9652.0,2445.0,1.0749,8979.43994790213,2274.630198157968
2024-06-20,9648.0,2461.0,1.0719,9000.839630562552,2295.923127157384
2024-06-21,9563.0,2452.5,1.0688,8947.417664670658,2294.629491017964
2024-06-24,9530.0,2454.5,1.073,8881.640260950606,2287.511649580615
2024-06-25,9492.0,2451.5,1.0714,8859.436251633377,2288.127683404891
2024-06-26,9420.0,2444.0,1.0689,8812.798203760876,2286.462718682758
2024-06-27,9422.5,2458.5,1.0696,8809.36798803291,2298.5228122662675
2024-06-28,9476.5,2485.5,1.0705,8852.405418028959,2321.812237272303
2024-07-01,9517.0,2496.5,1.0745,8857.142857142857,2323.4062354583525
2024-07-02,9546.5,2489.5,1.0729,8897.846956845931,2320.3467238326034
2024-07-03,9623.0,2487.0,1.0758,8944.971184234988,2311.7679866146123
2024-07-04,9726.5,2493.5,1.08,9006.018518518518,2308.796296296296
2024-07-05,9809.0,2495.5,1.0824,9062.269031781227,2305.5247597930525
2024-07-08,9808.0,2475.5,1.0835,9052.14582371943,2284.7254268574065
2024-07-09,9762.0,2468.5,1.0814,9027.186979840948,2282.68910671352
2024-07-10,9696.0,2432.0,1.0825,8957.043879907622,2246.651270207852
2024-07-11,9693.5,2428.5,1.0855,8929.986181483187,2237.217871948411
2024-07-12,9673.0,2422.0,1.089,8882.460973370065,2224.058769513315
2024-07-15,9679.5,2404.0,1.0907,8874.575960392409,2204.089117080774
2024-07-16,9565.5,2377.0,1.0902,8774.07815079802,2180.3338836910657
2024-07-17,9533.0,2363.0,1.0934,8718.675690506678,2161.1487104444855
2024-07-18,9342.0,2335.0,1.093,8547.11802378774,2136.3220494053066
2024-07-19,9214.0,2312.0,1.089,8460.97337006428,2123.0486685032142
2024-07-22,9127.5,2259.0,1.0888,8383.082292432035,2074.7612049963263
2024-07-23,9052.5,2264.0,1.086,8335.635359116022,2084.7145488029464
2024-07-24,9018.5,2266.0,1.0848,8313.51401179941,2088.8643067846606
2024-07-25,8917.0,2218.5,1.0851,8217.675790249747,2044.5120265413327
2024-07-26,9018.5,2229.0,1.086,8304.327808471455,2052.486187845304
2024-07-29,8906.0,2203.5,1.0817,8233.336414902467,2037.0712766940924
2024-07-30,8809.0,2161.5,1.0824,8138.396156688839,1996.9512195121952
2024-07-31,9014.5,2252.0,1.0828,8325.175471001108,2079.793128925009
2024-08-01,8998.0,2228.5,1.0789,8339.975901381036,2065.5297061822225
2024-08-02,8977.0,2214.5,1.0835,8285.186894323951,2043.839409321643
2024-08-05,8620.5,2167.0,1.0966,7861.116177275214,1976.1079700893672
2024-08-06,8715.0,2205.0,1.0915,7984.425103069171,2020.1557489693084
2024-08-07,8685.0,2202.5,1.0922,7951.840322285295,2016.5720563999266
2024-08-08,8649.0,2204.5,1.093,7913.083257090577,2016.9258920402563
2024-08-09,8805.0,2263.0,1.0917,8065.402583127234,2072.913804158652
2024-08-12,8851.0,2268.0,1.0925,8101.601830663615,2075.9725400457664
2024-08-13,8832.0,2256.5,1.0931,8079.773122312689,2064.3125057176835
2024-08-14,8906.0,2299.0,1.1019,8082.4031218803875,2086.3962247027857
2024-08-15,9009.0,2301.0,1.1011,8181.818181818182,2089.728453364817
2024-08-16,8938.0,2293.5,1.0994,8129.889030380208,2086.1378933963983
2024-08-19,9115.5,2369.5,1.1041,8256.045648039126,2146.091839507291
2024-08-20,9152.0,2435.0,1.1084,8256.946950559364,2196.8603392277155
2024-08-21,9138.0,2443.0,1.1116,8220.582943504858,2197.7329974811087
2024-08-22,9061.0,2471.0,1.1135,8137.404580152673,2219.128872923215
2024-08-23,9072.0,2499.0,1.1121,8157.539789587267,2247.100080927974
2024-08-27,9247.5,2520.0,1.1162,8284.805590395987,2257.659917577495
2024-08-28,9135.5,2479.5,1.1117,8217.594674822345,2230.3679050103447
2024-08-29,9116.0,2437.5,1.1088,8221.50072150072,2198.3225108225106
2024-08-30,9215.0,2463.5,1.1087,8311.536033192027,2221.971678542437
2024-09-02,9034.0,2390.5,1.1061,8167.435132447337,2161.196998463068
2024-09-03,8856.0,2382.0,1.1035,8025.3738106026285,2158.586316266425
2024-09-04,8830.5,2367.5,1.105,7991.402714932126,2142.5339366515836
2024-09-05,8915.0,2366.0,1.1097,8033.702802559251,2132.1077768766336
2024-09-06,9013.0,2368.0,1.1103,8117.625866882824,2132.7569125461587
2024-09-09,8989.5,2318.0,1.1043,8140.450964411844,2099.0672824413655
2024-09-10,8935.0,2323.0,1.1031,8099.900281026199,2105.883419454265
2024-09-11,9007.5,2354.5,1.1043,8156.750882912252,2132.1198949560808
2024-09-12,9115.5,2390.5,1.1016,8274.782135076253,2170.025417574437
2024-09-13,9080.5,2405.0,1.1081,8194.657521884306,2170.3817345004963
2024-09-16,9216.0,2505.0,1.1126,8283.300377494157,2251.4830127628975
2024-09-17,9242.0,2505.5,1.1139,8296.974593769639,2249.3042463416828
2024-09-18,9289.0,2520.0,1.1124,8350.413520316433,2265.3721682847895
2024-09-19,9405.5,2523.0,1.1156,8430.88920760129,2261.5632843313015
2024-09-20,9395.0,2477.0,1.1166,8413.935160308078,2218.3413935160306
2024-09-23,9329.0,2455.0,1.1119,8390.142998471085,2207.9323680187067
2024-09-24,9602.0,2542.0,1.1133,8624.809126021737,2283.3018952663256
2024-09-25,9618.5,2512.0,1.1194,8592.549580132214,2244.0593174915134
2024-09-26,9844.0,2560.0,1.1155,8824.742268041238,2294.9350067234427
2024-09-27,9860.0,2609.5,1.1158,8836.709087650117,2338.6807671625743
2024-09-30,9767.0,2611.0,1.1196,8723.651304037157,2332.0828867452665
2024-10-01,9741.0,2635.0,1.1086,8786.758073245535,2376.8717301100487
2024-10-02,9882.5,2635.0,1.1071,8926.474573209285,2380.0921325986815
2024-10-03,9786.0,2638.0,1.1039,8864.933417882054,2389.7092127910137
2024-10-04,9784.0,2654.0,1.1029,8871.157856559978,2406.383171638408
2024-10-07,9816.5,2655.5,1.0982,8938.71790202149,2418.0477144418137
2024-10-08,9619.0,2569.0,1.0982,8758.878164268803,2339.2824622108906
2024-10-09,9550.0,2530.0,1.0957,8715.88938578078,2309.026193301086
2024-10-10,9507.0,2550.5,1.0932,8696.48737650933,2333.0589096231247
2024-10-11,9596.5,2645.0,1.0938,8773.541780947156,2418.175169135125
2024-10-14,9516.0,2566.0,1.0915,8718.277599633533,2350.8932661475037
2024-10-15,9401.5,2522.0,1.0903,8622.856094652847,2313.124828028983
2024-10-16,9489.0,2557.5,1.0897,8707.90125722676,2346.976231990456
2024-10-17,9380.0,2524.5,1.0866,8632.431437511505,2323.302043070127
2024-10-18,9472.5,2553.0,1.0847,8732.829353738362,2353.6461694477734
2024-10-21,9592.5,2582.5,1.0853,8838.569980650513,2379.526398230904
2024-10-22,9490.5,2609.0,1.0821,8770.446354311061,2411.0525829405783
2024-10-23,9364.0,2625.0,1.0767,8696.94436704746,2438.005015324603
2024-10-24,9413.0,2643.0,1.0801,8714.933802425701,2446.9956485510597
2024-10-25,9385.0,2600.5,1.0825,8669.745958429561,2402.309468822171
2024-10-28,9402.0,2610.0,1.0818,8691.070438158624,2412.645590682196
2024-10-29,9431.0,2617.5,1.0774,8753.48060144793,2429.459810655281
2024-10-30,9356.0,2623.0,1.0815,8650.947757743876,2425.3351826167363
2024-10-31,9427.0,2617.5,1.0882,8662.929608527844,2405.3482815658886
2024-11-01,9425.0,2613.5,1.0885,8658.704639412035,2401.010564997703
2024-11-04,9505.0,2581.0,1.0904,8716.984592809978,2367.0212765957444
2024-11-05,9587.5,2605.5,1.0897,8798.293108194917,2391.0250527668168
2024-11-06,9250.5,2549.5,1.0695,8649.36886395512,2383.8242169237965
2024-11-07,9386.0,2652.5,1.0785,8702.828001854426,2459.4343996291145
2024-11-08,9323.0,2600.5,1.0772,8654.845896769402,2414.129223913851
2024-11-11,9251.0,2555.0,1.0651,8685.56943010046,2398.8357900666606
2024-11-12,9005.0,2530.0,1.0617,8481.680324008665,2382.9707073561267
2024-11-13,8969.0,2514.0,1.0629,8438.235017405212,2365.2272085802992
2024-11-14,8768.0,2504.0,1.0533,8324.314060571538,2377.29042058293
2024-11-15,9055.0,2641.0,1.0583,8556.174997637721,2495.511669658887
2024-11-18,8859.5,2563.0,1.0552,8396.0386656558,2428.9234268385144
2024-11-19,8919.5,2583.5,1.0578,8432.123274721118,2442.333144261675
2024-11-20,9022.0,2654.5,1.0562,8541.942813861011,2513.255065328536
2024-11-21,8945.5,2591.0,1.0526,8498.479954398632,2461.5238457153714
2024-11-22,8829.0,2589.0,1.0412,8479.638878217442,2486.5539761813293
2024-11-25,8918.0,2616.0,1.0495,8497.379704621248,2492.6155312053356
2024-11-26,8925.0,2590.5,1.0522,8482.227713362478,2461.98441360958
2024-11-27,8897.5,2577.0,1.0531,8448.865254961544,2447.0610578292662
2024-11-28,8850.5,2564.0,1.0542,8395.465756023525,2432.1760576740658
2024-11-29,8879.0,2572.0,1.0562,8406.551789433819,2435.144858928233
2024-12-02,8871.0,2564.5,1.0507,8442.94280003807,2440.7537831921577
2024-12-03,8941.0,2577.0,1.0512,8505.517503805177,2451.4840182648404
2024-12-04,8951.0,2583.0,1.0492,8531.261913839116,2461.875714830347
2024-12-05,8967.0,2620.5,1.054,8507.590132827325,2486.242884250474
2024-12-06,9040.0,2555.0,1.0581,8543.615915319913,2414.7056043852185
2024-12-09,9104.0,2556.0,1.0568,8614.685844057532,2418.622255866768
2024-12-10,9067.0,2553.0,1.0527,8613.090149140306,2425.192362496438
2024-12-11,9077.0,2556.0,1.0507,8639.002569715429,2432.66393832683
2024-12-12,9038.5,2555.0,1.0491,8615.479935182539,2435.420836907826
2024-12-13,8989.0,2567.5,1.0518,8546.301578246814,2441.0534322114468
2024-12-16,8932.0,2543.0,1.0498,8508.287292817678,2422.3661649838064
2024-12-17,8851.5,2497.0,1.0497,8432.40925978851,2378.774888063256
2024-12-18,8905.5,2483.5,1.0496,8484.66082317073,2366.139481707317
2024-12-19,8795.5,2470.0,1.0395,8461.27946127946,2376.1423761423757
2024-12-20,8793.0,2483.0,1.039,8462.945139557267,2389.7978825794034
2024-12-23,8838.0,2504.0,1.0393,8503.800635042819,2409.3139613201197
2024-12-24,8847.5,2541.5,1.0395,8511.303511303511,2444.925444925445
2024-12-27,8843.0,2513.0,1.0435,8474.365117393387,2408.2414949688546
2024-12-30,8833.0,2529.5,1.0444,8457.487552661816,2421.964764458062
2024-12-31,8706.0,2516.5,1.0389,8380.017326017904,2422.2735585715664
2025-01-02,8685.5,2536.0,1.0321,8415.366728030229,2457.126247456642
2025-01-03,8701.0,2475.0,1.0299,8448.393047868725,2403.145936498689
2025-01-06,8893.5,2480.0,1.0426,8530.117015154421,2378.6687128333015
2025-01-07,8886.0,2484.0,1.0393,8549.9855672087,2390.070239584336
2025-01-08,8847.0,2474.0,1.0286,8601.011083025473,2405.2109663620454
2025-01-09,8960.5,2502.5,1.0305,8695.293546821931,2428.432799611839
2025-01-10,8995.5,2560.5,1.0304,8730.104813664597,2484.957298136646
2025-01-13,8980.0,2573.0,1.0198,8805.648166307119,2523.043734065503
2025-01-14,9016.0,2554.5,1.0245,8800.390434358224,2493.411420204978
2025-01-15,9020.0,2562.0,1.03,8757.281553398057,2487.378640776699
2025-01-16,9135.0,2628.0,1.0272,8893.107476635514,2558.411214953271
2025-01-17,9132.0,2658.5,1.0298,8867.741308992037,2581.5692367449988
2025-01-20,9043.5,2675.0,1.0316,8766.479255525397,2593.0593253198913
2025-01-21,9067.0,2635.5,1.0357,8754.46557883557,2544.655788355701
2025-01-22,9123.0,2611.0,1.0443,8735.995403619649,2500.2393948099207
2025-01-23,9056.0,2605.5,1.0404,8704.344482891196,2504.325259515571
2025-01-24,9218.0,2640.0,1.0472,8802.521008403362,2521.008403361345
2025-01-27,9051.0,2616.5,1.053,8595.441595441596,2484.8053181386517
2025-01-28,8890.5,2572.0,1.0421,8531.330966318012,2468.0932731983494
2025-01-29,8881.0,2590.5,1.0396,8542.70873412851,2491.8237783762984
2025-01-30,8975.0,2617.0,1.0403,8627.31904258387,2515.620494088244
2025-01-31,8949.5,2598.0,1.0393,8611.084383719812,2499.759453478303
2025-02-03,8866.5,2584.0,1.0274,8630.036986568035,2515.0866264356628
2025-02-04,8993.0,2634.0,1.0335,8701.499758103531,2548.6211901306237
2025-02-05,9025.0,2610.0,1.0422,8659.566302053348,2504.3177892918825
2025-02-06,9165.0,2638.0,1.036,8846.525096525096,2546.332046332046
2025-02-07,9288.0,2639.5,1.0377,8950.563746747614,2543.6060518454274
2025-02-10,9287.5,2640.0,1.032,8999.51550387597,2558.139534883721
2025-02-11,9245.0,2647.0,1.0324,8954.862456412244,2563.9287098024024
2025-02-12,9277.5,2628.5,1.037,8946.480231436837,2534.7155255544844
2025-02-13,9362.0,2627.0,1.039,9010.587102983638,2528.3926852743025
2025-02-14,9812.0,2662.0,1.0478,9364.38251574728,2540.5611757969077
2025-02-17,9291.0,2660.0,1.0473,8871.383557719852,2539.864413253127
2025-02-18,9295.0,2661.0,1.0447,8897.291088350723,2547.1427203982007
2025-02-19,9433.0,2709.5,1.0434,9040.636381061911,2596.79892658616
2025-02-20,9514.5,2720.0,1.0443,9110.887675955186,2604.6155319352674
2025-02-21,9494.0,2702.0,1.0465,9072.14524605829,2581.9397993311036
2025-02-24,9490.0,2673.0,1.0466,9067.456525893369,2553.9843302121153
2025-02-25,9463.0,2669.0,1.0497,9014.956654282176,2542.631227969896
2025-02-26,9504.0,2670.5,1.0487,9062.648993992563,2546.486125679413
2025-02-27,9415.5,2655.0,1.0477,8986.828290541185,2534.122363271929
2025-02-28,9363.5,2637.5,1.0411,8993.852655844781,2533.378157717799
2025-03-03,9360.5,2624.0,1.0465,8944.577161968466,2507.4056378404207
2025-03-04,9395.0,2634.0,1.0557,8899.308515676801,2495.0269963057685
2025-03-05,9541.0,2653.0,1.0694,8921.82532261081,2480.8303721713114
2025-03-06,9654.0,2709.0,1.0796,8942.20081511671,2509.262689885143
2025-03-07,9664.0,2693.0,1.0857,8901.169752233582,2480.427374044395
2025-03-10,9547.0,2716.0,1.0845,8803.13508529276,2504.37989857077
2025-03-11,9628.0,2725.0,1.0912,8823.313782991203,2497.25073313783
2025-03-12,9766.0,2737.0,1.0886,8971.155612713577,2514.238471431196
2025-03-13,9702.5,2694.0,1.083,8958.910433979687,2487.5346260387814
2025-03-14,9759.0,2713.0,1.0889,8962.255487188906,2491.505188722564
2025-03-17,9748.0,2715.0,1.0903,8940.658534348344,2490.1403283499953
2025-03-18,9834.0,2681.0,1.0918,9007.144165598094,2455.5779446785123
2025-03-19,9914.0,2687.0,1.0897,9097.916857850785,2465.816279710012
2025-03-20,9911.5,2685.5,1.0833,9149.35844179821,2478.9993538262715
2025-03-21,9829.0,2652.0,1.0827,9078.230350050799,2449.431975616514
2025-03-24,9978.0,2640.5,1.0824,9218.40354767184,2439.4863266814486
2025-03-25,9982.0,2608.0,1.0825,9221.247113163972,2409.2378752886834
2025-03-26,9884.0,2600.0,1.0788,9162.031887282166,2410.085279940675
2025-03-27,9787.0,2557.0,1.0785,9074.64070468243,2370.885489105239
2025-03-28,9795.0,2559.0,1.0797,9071.964434565156,2370.1028063350927
2025-03-31,9673.0,2518.5,1.0815,8944.059177068886,2328.71012482663
2025-04-01,9652.0,2499.0,1.0788,8946.978123841305,2316.4627363737486
2025-04-02,9646.0,2480.0,1.0803,8929.001203369435,2295.658613348144
2025-04-03,9397.0,2436.5,1.1097,8468.05442912499,2195.6384608452736
2025-04-04,8830.5,2355.5,1.1057,7986.343492809985,2130.324681197432
2025-04-07,8825.0,2350.0,1.0967,8046.867876356342,2142.7920124008388
2025-04-08,8760.0,2366.0,1.095,8000.0,2160.7305936073058
2025-04-09,8539.0,2285.0,1.1045,7731.100045269352,2068.809416025351
2025-04-10,8978.0,2343.5,1.1082,8101.4257354268175,2114.690489081393
2025-04-11,9180.0,2364.0,1.1346,8090.957165520888,2083.553675304072
2025-04-14,9212.5,2355.5,1.1377,8097.477366616859,2070.405203480707
2025-04-15,9094.0,2333.5,1.1324,8030.731190392087,2060.6676086188627
2025-04-16,9083.0,2332.5,1.1355,7999.119330691326,2054.1611624834877
2025-04-17,9104.0,2327.5,1.136,8014.084507042254,2048.855633802817
2025-04-22,9293.5,2355.5,1.1476,8098.204949459742,2052.544440571628
2025-04-23,9416.5,2384.0,1.1415,8249.233464739378,2088.480070083224
2025-04-24,9410.5,2410.0,1.1376,8272.239803094233,2118.495077355837
2025-04-25,9364.0,2412.0,1.1357,8245.135158932817,2123.800299374835
2025-04-28,9365.5,2400.0,1.1358,8245.729882021484,2113.0480718436347
2025-04-29,9487.5,2430.0,1.1373,8342.126088103403,2136.6394091268794
2025-04-30,9204.0,2405.0,1.1373,8092.851490371933,2114.657522201706
2025-05-02,9376.0,2401.5,1.1343,8265.89085779776,2117.1647712245435
2025-05-06,9500.0,2404.0,1.1325,8388.520971302427,2122.737306843267
2025-05-07,9486.0,2363.5,1.136,8350.352112676057,2080.5457746478874
2025-05-08,9413.0,2363.5,1.1297,8332.300610781624,2092.148357971143
2025-05-09,9485.5,2401.0,1.1252,8430.056878777106,2133.842872378244
2025-05-12,9590.0,2468.5,1.1106,8634.972087160093,2222.672429317486
2025-05-13,9534.0,2470.0,1.1112,8579.913606911447,2222.822174226062
2025-05-14,9649.5,2530.0,1.1214,8604.868913857677,2256.108435883717
2025-05-15,9537.5,2480.5,1.1185,8527.045149754134,2217.70227983907
2025-05-16,9534.0,2473.5,1.1194,8517.062712167233,2209.66589244238
2025-05-19,9545.0,2450.5,1.1262,8475.404013496714,2175.9012608772864
2025-05-20,9530.0,2458.5,1.1241,8477.893425851791,2187.08299973312
2025-05-21,9532.5,2460.5,1.1321,8420.192562494478,2173.3945764508435
2025-05-22,9493.0,2445.5,1.1309,8394.199310283844,2162.4369970819703
2025-05-23,9595.0,2437.0,1.1301,8490.399079727456,2156.4463321829926
2025-05-27,9653.0,2470.5,1.1356,8500.352236703066,2175.5019373018667
2025-05-28,9682.0,2479.0,1.1317,8555.270831492446,2190.5098524343907
2025-05-29,9641.5,2468.0,1.1281,8546.67139437993,2187.749313004166
2025-05-30,9623.0,2445.0,1.1339,8486.639033424464,2156.2748037745837
2025-06-02,9655.0,2451.0,1.1419,8455.206235221998,2146.4226289517474
2025-06-03,9643.0,2446.0,1.1386,8469.172668189003,2148.252239592482
2025-06-04,9673.5,2473.0,1.1384,8497.452565003514,2172.3471539002107
2025-06-05,9834.0,2472.5,1.1423,8608.946861595026,2164.4926901864656
2025-06-06,9795.0,2431.5,1.1411,8583.822627289457,2130.838664446587
2025-06-09,9849.0,2468.5,1.141,8631.901840490797,2163.453111305872
2025-06-10,9854.0,2482.0,1.1429,8621.926677749585,2171.668562428909
2025-06-11,9730.0,2511.5,1.1433,8510.452199772588,2196.711274381177
2025-06-12,9779.0,2510.0,1.1594,8434.535104364326,2164.9128859755047
2025-06-13,9658.0,2485.0,1.1512,8389.50660180681,2158.6170952050034
2025-06-16,9738.0,2508.5,1.1574,8413.685847589424,2167.357871090375
2025-06-17,9820.5,2530.0,1.1568,8489.367219917012,2187.067773167358
2025-06-18,9841.0,2545.5,1.1508,8551.442474800138,2211.939520333681
2025-06-19,9712.0,2525.5,1.1478,8461.404425858163,2200.296218853459
2025-06-20,9945.0,2529.0,1.1515,8636.561007381677,2196.265740338689
2025-06-23,10035.0,2599.0,1.1472,8747.384937238494,2265.516039051604
2025-06-24,9930.5,2572.5,1.1607,8555.612992159902,2216.334970276557
2025-06-25,9810.0,2555.5,1.1598,8458.354888773927,2203.397137437489
2025-06-26,10115.0,2573.5,1.1695,8648.995297135529,2200.5130397605813
2025-06-27,10051.0,2583.0,1.1704,8587.662337662337,2206.937799043062
2025-06-30,10040.0,2593.0,1.172,8566.552901023892,2212.457337883959
2025-07-01,10061.0,2604.0,1.181,8519.051651143098,2204.9110922946657
2025-07-02,10045.0,2602.0,1.1755,8545.299872394726,2213.526159081242
2025-07-03,10120.0,2604.0,1.1782,8589.373620777458,2210.1510779154646
2025-07-04,9970.5,2587.0,1.1767,8473.272711821195,2198.521288348772
2025-07-07,9893.0,2566.0,1.1728,8435.368349249658,2187.926330150068
2025-07-08,9925.0,2587.0,1.1718,8469.875405359277,2207.7146270694657
2025-07-09,9635.0,2580.0,1.1698,8236.450675329117,2205.5052145665927
2025-07-10,9752.0,2609.0,1.1709,8328.636091895123,2228.2005295072167
2025-07-11,9637.5,2591.5,1.1683,8249.165454078577,2218.180261919028
2025-07-14,9555.0,2586.0,1.169,8173.652694610778,2212.147134302823
2025-07-15,9564.0,2594.0,1.1665,8198.885555079296,2223.746249464209
2025-07-16,9563.0,2568.0,1.1602,8242.544388898466,2213.411480779176
2025-07-17,9586.0,2557.0,1.1579,8278.780550997495,2208.308144053891
2025-07-18,9667.0,2591.5,1.165,8297.854077253218,2224.4635193133045
2025-07-21,9773.5,2649.0,1.1667,8377.046370103712,2270.5065569555154
2025-07-22,9818.5,2638.5,1.1699,8392.597657919481,2255.3209676040688
2025-07-23,9862.0,2645.0,1.1726,8410.370117687191,2255.671158110182
2025-07-24,9861.0,2646.5,1.1756,8388.057162300101,2251.1908812521265
2025-07-25,9788.0,2657.0,1.1724,8348.686455134766,2266.2913681337427
2025-07-28,9783.0,2632.5,1.1654,8394.5426463017,2258.881070876952
2025-07-29,9733.5,2609.0,1.1533,8439.694788866731,2262.204109945374
2025-07-30,9699.5,2611.0,1.1527,8414.591827882363,2265.116682571354
2025-07-31,9606.0,2580.0,1.1446,8392.451511445046,2254.0625546042284
2025-08-01,9535.5,2545.0,1.1404,8361.539810592774,2231.6730971588913
2025-08-04,9622.5,2575.0,1.1565,8320.36316472114,2226.5456117596195
2025-08-05,9576.5,2568.0,1.1546,8294.214446561578,2224.146890698077
2025-08-06,9604.5,2589.5,1.1604,8276.88728024819,2231.5580834195102
2025-08-07,9636.5,2617.0,1.1643,8276.646912307826,2247.702482178133
2025-08-08,9627.0,2609.0,1.1648,8264.938186813186,2239.8695054945056
2025-08-11,9643.5,2586.5,1.1622,8297.62519359835,2225.520564446739
2025-08-12,9661.5,2605.0,1.1606,8324.573496467345,2244.528692055833
2025-08-13,9746.5,2626.0,1.1711,8322.517291435403,2242.336265049953
2025-08-14,9665.5,2608.5,1.169,8268.177929854577,2231.394354148845
2025-08-15,9621.0,2600.0,1.1688,8231.519507186858,2224.5037645448324
2025-08-18,9626.5,2586.5,1.1673,8246.808875182043,2215.7971386961362
2025-08-19,9621.5,2572.5,1.1682,8236.1753124465,2202.105803800719
2025-08-20,9576.5,2567.0,1.1651,8219.466140245473,2203.244356707579
2025-08-21,9611.0,2570.5,1.1639,8257.582266517742,2208.5230689921814
2025-08-22,9643.0,2589.0,1.1608,8307.201929703653,2230.358373535493
2025-08-26,9707.5,2611.5,1.1656,8328.328757721345,2240.47700754976
2025-08-27,9682.0,2618.0,1.1593,8351.591477615802,2258.2592944017943
2025-08-28,9703.5,2615.0,1.1676,8310.637204522096,2239.6368619390205
2025-08-29,9805.0,2621.0,1.1658,8410.533539200549,2248.241550866358
2025-09-01,9804.5,2612.5,1.1715,8369.184805804523,2230.0469483568077
2025-09-02,9773.5,2615.0,1.1646,8392.151811780868,2245.4061480336595
2025-09-03,9873.0,2617.0,1.1653,8472.496352870505,2245.773620526903
2025-09-04,9813.0,2606.0,1.1647,8425.345582553447,2237.4860479093327
2025-09-05,9881.0,2616.0,1.1697,8447.465162007353,2236.4708899717875
2025-09-08,9810.5,2613.5,1.1728,8365.023874488403,2228.427694406548
2025-09-09,9822.5,2621.0,1.1744,8363.84536784741,2231.7779291553134
2025-09-10,9847.0,2623.5,1.1707,8411.206970188776,2240.966942854702
2025-09-11,9926.0,2656.0,1.1685,8494.651262302095,2272.999572100984
2025-09-12,10004.5,2707.0,1.1718,8537.719747397166,2310.121181088923
2025-09-15,9986.0,2693.5,1.1766,8487.166411694712,2289.2231854496004
2025-09-16,10071.5,2736.5,1.1807,8530.109257220292,2317.6928940459047
2025-09-17,9894.0,2691.0,1.1837,8358.536791416744,2273.3800794120134
2025-09-18,9895.0,2693.0,1.1818,8372.821120324928,2278.7273650363854
2025-09-19,9904.0,2689.5,1.1736,8438.991138377642,2291.6666666666665
2025-09-22,9921.5,2667.0,1.1781,8421.611068669892,2263.8146167557934
2025-09-23,9900.0,2646.0,1.1793,8394.81048079369,2243.7038921394046
2025-09-24,9862.0,2623.0,1.1756,8388.907791765907,2231.201088805716
2025-09-25,10312.0,2661.5,1.1739,8784.39390067297,2267.228895135872
2025-09-26,10125.5,2642.5,1.1672,8675.034270047978,2263.9650445510624
2025-09-29,10233.0,2672.0,1.1723,8728.994284739401,2279.2800477693427
2025-09-30,10300.0,2668.5,1.1741,8772.676944042245,2272.8047014734693
2025-10-01,10263.0,2683.5,1.1724,8753.838280450358,2288.8945752302966
2025-10-02,10455.0,2700.0,1.1754,8894.844308320571,2297.090352220521
2025-10-03,10537.5,2703.0,1.1734,8980.3136185444,2303.5622975967276
2025-10-06,10609.5,2713.0,1.1678,9085.03168350745,2323.1717759890394
2025-10-07,10643.0,2713.5,1.1666,9123.092748157036,2325.990056574661
2025-10-08,10738.0,2750.5,1.1627,9235.400361228176,2365.6145179323985
2025-10-09,10866.5,2786.5,1.1611,9358.797691843942,2399.8794246834896
2025-10-10,10735.0,2799.5,1.1568,9279.91009681881,2420.0380359612723
2025-10-13,10617.5,2774.0,1.1569,9177.543435041922,2397.787189904054
2025-10-14,10600.0,2734.0,1.1553,9175.106033065005,2366.4848956980873
2025-10-15,10702.0,2752.5,1.1622,9208.397866115987,2368.3531233866806
2025-10-16,10495.0,2775.0,1.1649,9009.357026354193,2382.178727787793
2025-10-17,10527.5,2789.5,1.1681,9012.49892988614,2388.066090232001
2025-10-20,10581.0,2773.0,1.1655,9078.507078507078,2379.2363792363794
2025-10-21,10612.0,2781.0,1.1607,9142.758680106832,2395.967950374774
2025-10-22,10600.0,2818.0,1.1587,9148.183308880642,2432.0359023043065
2025-10-23,10797.0,2845.0,1.1593,9313.378763046667,2454.067109462607
2025-10-24,10807.0,2853.0,1.1612,9306.751636238374,2456.9410954185323
2025-10-27,10987.0,2879.0,1.164,9439.003436426117,2473.367697594502
2025-10-28,10917.0,2859.0,1.163,9386.930352536543,2458.297506448839
2025-10-29,11067.5,2891.5,1.1636,9511.430044688897,2484.9604675146097
2025-10-30,10949.0,2826.0,1.155,9479.65367965368,2446.753246753247
2025-10-31,10901.5,2885.0,1.1554,9435.26051583867,2496.9707460619697
2025-11-03,10872.5,2903.0,1.1514,9442.852179954838,2521.278443633837
2025-11-04,10600.5,2853.0,1.1491,9225.045687929683,2482.8126359759813
2025-11-05,10603.0,2838.5,1.1492,9226.418378002089,2469.9791159067177
2025-11-06,10723.0,2861.5,1.1533,9297.66756264632,2481.141073441429
2025-11-07,10720.0,2841.0,1.1561,9272.554277311652,2457.3998789032094
2025-11-10,10800.0,2867.5,1.1571,9333.67902514908,2478.178204131017
2025-11-11,10777.0,2841.0,1.1575,9310.583153347732,2454.427645788337
2025-11-12,10833.0,2856.0,1.1576,9358.154803040774,2467.1734623358675
2025-11-13,10942.0,2876.0,1.1619,9417.33367759704,2475.256046131337
2025-11-14,10851.0,2832.5,1.1648,9315.762362637362,2431.7479395604396
2025-11-17,10799.0,2798.0,1.1593,9315.103942033986,2413.5254032605885
2025-11-18,10649.0,2749.5,1.159,9188.09318377912,2372.3037100949095
2025-11-19,10784.0,2781.0,1.1583,9310.195976862642,2400.932400932401
2025-11-20,10789.0,2778.5,1.1514,9370.331770019107,2413.149209657808
2025-11-21,10685.5,2765.5,1.152,9275.607638888889,2400.607638888889
2025-11-24,10795.0,2776.5,1.1544,9351.1781011781,2405.14553014553
2025-11-25,10876.0,2787.0,1.1551,9415.635009955848,2412.7781144489654
2025-11-26,10978.0,2822.5,1.1577,9482.594800034552,2438.0236676168265
2025-11-27,10934.0,2804.0,1.1586,9437.251855687899,2420.1622648023476
2025-11-28,11004.0,2826.0,1.1566,9514.093031298633,2443.3684938613173
2025-12-01,11299.0,2860.0,1.1646,9702.043620127082,2455.77880817448
2025-12-02,11285.0,2858.5,1.1614,9716.72119855347,2461.2536593766145
2025-12-03,11437.0,2854.0,1.1668,9802.0226259856,2446.006170723346
2025-12-04,11472.0,2854.0,1.1666,9833.704783130464,2446.4255100291443
2025-12-05,11645.0,2865.0,1.1645,10000.0,2460.283383426363
2025-12-08,11695.0,2867.5,1.1655,10034.320034320035,2460.3174603174602
2025-12-09,11563.5,2832.0,1.1637,9936.839391595773,2433.616911575148
2025-12-10,11645.0,2836.5,1.1634,10009.45504555613,2438.1124290871585
2025-12-11,11740.0,2864.0,1.1714,10022.195663308861,2444.9376814068637
2025-12-12,11816.0,2845.5,1.1731,10072.45759099821,2425.624413945955
2025-12-15,11774.5,2841.0,1.1753,10018.293201735727,2417.2551688930484
2025-12-16,11636.0,2833.5,1.1776,9881.114130434782,2406.165081521739
2025-12-17,11720.0,2851.5,1.1722,9998.29380651766,2432.6053574475345
2025-12-18,11721.5,2852.5,1.1719,10002.133287823193,2434.081406263333
2025-12-19,11845.0,2896.0,1.1712,10113.558743169398,2472.6775956284155
2025-12-22,11940.0,2898.5,1.1745,10166.028097062579,2467.8586632609617
2025-12-23,12070.0,2916.0,1.1786,10240.963855421685,2474.121839470558
2025-12-24,12253.0,2932.0,1.1787,10395.350810214642,2487.48621362518
2025-12-29,12306.0,2913.5,1.1766,10458.949515553288,2476.2026177120515
2025-12-30,12512.0,2945.0,1.1757,10642.170621757252,2504.890703410734
2025-12-31,12504.0,2968.0,1.175,10641.702127659573,2525.9574468085107
2026-01-02,12571.0,2986.0,1.1721,10725.194096066889,2547.5642010067404
2026-01-05,12884.0,3022.5,1.1664,11045.953360768175,2591.30658436214
2026-01-06,13269.5,3093.0,1.1707,11334.671564021524,2642.0090544118902
2026-01-07,13145.0,3092.0,1.1684,11250.42793563848,2646.35398836015
2026-01-08,12885.0,3081.0,1.1675,11036.402569593149,2638.9721627408994
2026-01-09,13060.0,3180.0,1.1642,11218.003779419345,2731.4894348050166
2026-01-12,13310.0,3185.5,1.1692,11383.852206637017,2724.512487170715
2026-01-13,13310.0,3194.0,1.1654,11420.971340312339,2740.6898918826155
2026-01-14,13335.0,3221.0,1.1651,11445.369496180585,2764.5695648442193
2026-01-15,13205.0,3174.0,1.1624,11360.116999311767,2730.5574673090155
2026-01-16,13000.0,3147.0,1.1617,11190.496685891367,2708.961005423087
2026-01-19,13000.0,3168.5,1.1631,11177.026910841716,2724.18536669246
2026-01-20,13059.0,3137.0,1.1728,11134.890859481582,2674.795361527967
2026-01-21,12898.0,3114.0,1.1739,10987.307266377034,2652.6961410682343
2026-01-22,12632.0,3093.5,1.1706,10791.047326157524,2642.6618827951474
2026-01-23,12920.5,3175.0,1.1742,11003.662067790838,2703.96865951286
2026-01-26,13195.0,3192.0,1.1836,11148.191956742143,2696.8570462994253
2026-01-27,12980.0,3166.5,1.1929,10881.046189957246,2654.4555285438846
2026-01-28,12994.0,3259.0,1.1974,10851.845665608818,2721.730415901119
2026-01-29,13844.0,3325.0,1.1968,11567.513368983957,2778.2419786096257
2026-01-30,13369.5,3110.0,1.1919,11216.964510445507,2609.279301954862
2026-02-02,12987.0,3042.0,1.184,10968.75,2569.2567567567567
2026-02-03,13295.0,3103.0,1.1801,11265.994407253624,2629.4381832048134
2026-02-04,13247.0,3047.5,1.182,11207.275803722505,2578.2571912013536
2026-02-05,12822.0,3014.0,1.1798,10867.943719274454,2554.6702830988306
2026-02-06,12840.0,3045.0,1.1794,10886.891639816857,2581.8212650500254
2026-02-09,12980.0,3083.5,1.1886,10920.410567053676,2594.228504122497
2026-02-10,13002.0,3063.0,1.1894,10931.562132167479,2575.2480242138895
2026-02-11,13327.0,3098.0,1.19,11199.159663865546,2603.361344537815
2026-02-12,13172.0,3117.0,1.1874,11093.144685868283,2625.0631632137442
2026-02-13,12719.0,2996.0,1.1862,10722.475130669365,2525.712358792784
2026-02-16,12757.0,3037.5,1.1855,10760.86039645719,2562.2100379586673
2026-02-17,12561.0,3014.0,1.1826,10621.511922881786,2548.6216810417723
2026-02-18,12603.0,3035.0,1.1845,10639.932460953987,2562.2625580413674
2026-02-19,12626.0,3026.0,1.1753,10742.789075129755,2574.6617884795373
2026-02-20,12750.0,3053.0,1.1767,10835.387099515594,2594.5440639075377
2026-02-23,12832.0,3070.0,1.1784,10889.341479972845,2605.227427019688
2026-02-24,13011.0,3077.0,1.1777,11047.805043729302,2612.719707905239
2026-02-25,13171.0,3107.0,1.1784,11177.019687712153,2636.625933469111
2026-02-26,13215.0,3121.0,1.1814,11185.881157948197,2641.780937870323
2026-02-27,13439.5,3157.5,1.1805,11384.582803896654,2674.714104193138
2026-03-02,13230.0,3226.0,1.1698,11309.625577021714,2757.736365190631
2026-03-03,12820.0,3269.0,1.1606,11046.010684128898,2816.6465621230395
2026-03-04,12960.0,3378.0,1.1649,11125.418490857584,2899.8197270151945
2026-03-05,12841.0,3298.5,1.1618,11052.676880702358,2839.1289378550528
2026-03-06,12808.0,3385.0,1.1561,11078.626416399966,2927.9474093936515
2026-03-09,12750.5,3406.5,1.1555,11034.617048896582,2948.074426655128
2026-03-10,12920.5,3402.5,1.1641,11099.132376943562,2922.8588609226013
2026-03-11,12850.5,3467.0,1.1581,11096.192038684052,2993.6965719713326
2026-03-12,12896.5,3516.5,1.1547,11168.701827314453,3045.379752316619
2026-03-13,12758.0,3520.0,1.1476,11117.11397699547,3067.2708260718023
2026-03-16,12759.5,3440.0,1.1478,11116.48370796306,2997.0378114654122
2026-03-17,12677.0,3426.0,1.1531,10993.842684936259,2971.12132512358
2026-03-18,12503.0,3400.0,1.15,10872.17391304348,2956.521739130435
2026-03-19,11826.0,3200.0,1.1489,10293.324049090434,2785.2728697014536
2026-03-20,12021.5,3329.0,1.1555,10403.721332756382,2881.003894418001
2026-03-23,11891.0,3251.5,1.1596,10254.398068299413,2803.984132459469
2026-03-24,11878.5,3242.5,1.1572,10264.863463532665,2802.0221223643275
2026-03-25,12135.0,3294.5,1.1592,10468.426501035197,2842.046238785369
2026-03-26,12108.0,3332.0,1.1539,10493.11032151833,2887.598578732993
2026-03-27,12046.0,3292.0,1.1517,10459.321003733612,2858.3832595293916
2026-03-30,12137.0,3482.0,1.1484,10568.61720654824,3032.0445837687216
2026-03-31,12160.0,3585.0,1.1498,10575.752304748652,3117.9335536615067
2026-04-01,12270.0,3583.5,1.1605,10573.02886686773,3087.8931495045235
2026-04-02,12147.0,3505.0,1.1525,10539.696312364424,3041.214750542299
2026-04-07,12252.0,3600.0,1.1557,10601.367136800209,3114.9952409794932
2026-04-08,12552.0,3520.0,1.1706,10722.70630445925,3007.004954724073
2026-04-09,12455.0,3494.5,1.1685,10658.964484381686,2990.58622165169
2026-04-10,12660.5,3526.0,1.1711,10810.776193322517,3010.8445051660833
2026-04-13,12820.5,3665.5,1.1684,10972.697706264977,3137.196165696679
2026-04-14,13095.0,3625.0,1.1793,11104.044772322564,3073.857373017892
2026-04-15,13155.0,3581.0,1.178,11167.232597623091,3039.898132427844
2026-04-16,13180.0,3678.5,1.1782,11186.55576302835,3122.135460872518
2026-04-17,13149.0,3660.0,1.1797,11146.054081546155,3102.4836822921084
2026-04-20,13163.0,3590.0,1.176,11193.027210884355,3052.7210884353744
2026-04-21,13200.5,3613.0,1.1767,11218.237443698477,3070.451262003909
2026-04-22,13198.0,3652.0,1.1733,11248.615017472088,3112.588425807551
2026-04-23,13190.0,3642.0,1.1694,11279.288524029416,3114.4176500769627
2026-04-24,13230.0,3685.0,1.1712,11296.106557377048,3146.3456284153003
2026-04-27,13212.0,3662.0,1.1749,11245.212358498595,3116.8610094476126
2026-04-28,12890.5,3600.0,1.168,11036.38698630137,3082.191780821918
2026-04-29,12992.0,3604.0,1.1706,11098.58192379976,3078.763027507261
2026-04-30,13015.5,3525.5,1.1702,11122.457699538541,3012.7328661767224
2026-05-05,12970.0,3632.5,1.1686,11098.750641793598,3108.420332021222
2026-05-06,13351.5,3597.0,1.1762,11351.38581873831,3058.153375276314
2026-05-07,13326.0,3559.0,1.177,11322.005097706031,3023.789294817332
2026-05-08,13445.0,3560.5,1.1761,11431.85103307542,3027.3786242666442
2026-05-11,13673.0,3655.0,1.1765,11621.759456013599,3106.67233319167
2026-05-12,13872.0,3639.5,1.1738,11818.026921110923,3100.61339240075
2026-05-13,14097.0,3729.5,1.1715,12033.290653008962,3183.5253947930005
2026-05-14,13986.0,3768.0,1.1702,11951.803110579389,3219.962399589814
2026-05-15,13553.5,3635.0,1.1628,11655.916752665978,3126.0749914000685
2026-05-18,13428.0,3637.0,1.1648,11528.15934065934,3122.4244505494503
2026-05-19,13410.0,3665.0,1.162,11540.447504302927,3154.044750430293
2026-05-20,13418.0,3644.0,1.16,11567.241379310346,3141.379310344828
2026-05-21,13427.0,3720.0,1.1599,11575.997930856109,3207.173032157945
2026-05-22,13545.0,3706.0,1.1595,11681.75937904269,3196.205260888314
2026-05-26,13570.0,3759.0,1.1634,11664.088017878632,3231.0469314079423
2026-05-27,13540.5,3738.0,1.1637,11635.730858468678,3212.1680845578758
2026-05-28,13513.0,3735.0,1.1617,11632.090901265386,3215.1157786003273
2026-05-29,13615.0,3769.5,1.1644,11692.717279285467,3237.289591205771
2026-06-01,13819.0,3795.5,1.1646,11865.87669586124,3259.058904344839
2026-06-02,13966.0,3855.0,1.1649,11989.011932354708,3309.296935359258
2026-06-03,13920.5,3797.0,1.1614,11985.965214396418,3269.330118822111
2026-06-04,13872.0,3739.0,1.164,11917.525773195877,3212.1993127147766
2026-06-05,13731.0,3736.0,1.164,11796.39175257732,3209.621993127148
2026-06-08,13661.0,3669.5,1.154,11837.954939341422,3179.8093587521666
2026-06-09,13716.0,3608.0,1.1573,11851.72383997235,3117.6013134018835
2026-06-10,13370.0,3489.0,1.1539,11586.792616344572,3023.658895918191
2026-06-11,13420.0,3498.5,1.1537,11632.14007107567,3032.417439542342
2026-06-12,13603.0,3536.0,1.1567,11760.17982190715,3056.9724215440474
2026-06-15,13714.0,3419.5,1.1607,11815.28388041699,2946.0670285172737
2026-06-16,13682.0,3359.0,1.1594,11800.931516301536,2897.1882007935137
2026-06-17,13736.0,3405.5,1.1591,11850.573720990424,2938.05538780088
2026-06-18,13612.0,3402.0,1.1461,11876.79958118838,2968.327371084548
2026-06-19,13530.5,3400.0,1.1467,11799.511642103427,2965.0300863346993
2026-06-22,13642.0,3405.0,1.1456,11908.170391061452,2972.241620111732
2026-06-23,13334.0,3263.5,1.1392,11704.705056179775,2864.7296348314608
2026-06-24,13181.5,3150.0,1.134,11623.89770723104,2777.777777777778
2026-06-25,13194.0,3132.0,1.1342,11632.868982542761,2761.4177393757714
2026-06-26,13287.0,3164.0,1.1401,11654.240856065258,2775.195158319446
2026-06-29,13302.5,3160.5,1.1406,11662.721374715062,2770.9100473435033
2026-06-30,13341.0,3105.5,1.1394,11708.794102159032,2725.557310865368
2026-07-01,13170.0,3075.0,1.1383,11569.88491610296,2701.396819819028
2026-07-02,13202.0,3061.5,1.1399,11581.71769453461,2685.7619089393806
